[
  {
    "rank": 1,
    "reg": "NAM",
    "code": "ATL",
    "airport": "ATLANTA GA, US (ATL)",
    "airport location": "ATLANTA GA, US (ATL) airport",
    "Passengers 2011": 92365860,
    "Passengers 2010": 89292748,
    "% Change": 3.3
  },
  {
    "rank": 2,
    "reg": "ASP",
    "code": "PEK",
    "airport": "BEIJING, CN (PEK)",
    "airport location": "BEIJING, CN (PEK) airport",
    "Passengers 2011": 77403668,
    "Passengers 2010": 73913402,
    "% Change": 4.5
  },
  {
    "rank": 3,
    "reg": "EUR",
    "code": "LHR",
    "airport": "LONDON, GB (LHR)",
    "airport location": "LONDON, GB (LHR) airport",
    "Passengers 2011": 69433565,
    "Passengers 2010": 65884143,
    "% Change": 5.1
  },
  {
    "rank": 4,
    "reg": "NAM",
    "code": "ORD",
    "airport": "CHICAGO IL, US (ORD)",
    "airport location": "CHICAGO IL, US (ORD) airport",
    "Passengers 2011": 66561023,
    "Passengers 2010": 66904971,
    "% Change": -0.5
  },
  {
    "rank": 5,
    "reg": "ASP",
    "code": "HND",
    "airport": "TOKYO, JP (HND)",
    "airport location": "TOKYO, JP (HND) airport",
    "Passengers 2011": 62263025,
    "Passengers 2010": 64117894,
    "% Change": -3
  },
  {
    "rank": 6,
    "reg": "NAM",
    "code": "LAX",
    "airport": "LOS ANGELES CA, US (LAX)",
    "airport location": "LOS ANGELES CA, US (LAX) airport",
    "Passengers 2011": 61848449,
    "Passengers 2010": 58995672,
    "% Change": 4.6
  },
  {
    "rank": 7,
    "reg": "EUR",
    "code": "CDG",
    "airport": "PARIS, FR (CDG)",
    "airport location": "PARIS, FR (CDG) airport",
    "Passengers 2011": 60970551,
    "Passengers 2010": 58166563,
    "% Change": 4.6
  },
  {
    "rank": 8,
    "reg": "NAM",
    "code": "DFW",
    "airport": "DALLAS/FORT WORTH TX, US (DFW)",
    "airport location": "DALLAS/FORT WORTH TX, US (DFW) airport",
    "Passengers 2011": 57806152,
    "Passengers 2010": 56905066,
    "% Change": 1.6
  },
  {
    "rank": 9,
    "reg": "EUR",
    "code": "FRA",
    "airport": "FrankFURT, DE (FRA)",
    "airport location": "FrankFURT, DE (FRA) airport",
    "Passengers 2011": 56436255,
    "Passengers 2010": 53009221,
    "% Change": 6.1
  },
  {
    "rank": 10,
    "reg": "ASP",
    "code": "HKG",
    "airport": "HONG KONG, HK (HKG)",
    "airport location": "HONG KONG, HK (HKG) airport",
    "Passengers 2011": 53314213,
    "Passengers 2010": 50359536,
    "% Change": 5.5
  },
  {
    "rank": 11,
    "reg": "NAM",
    "code": "DEN",
    "airport": "DENVER CO, US (DEN)",
    "airport location": "DENVER CO, US (DEN) airport",
    "Passengers 2011": 52699298,
    "Passengers 2010": 52209203,
    "% Change": 0.9
  },
  {
    "rank": 12,
    "reg": "MEA",
    "code": "DXB",
    "airport": "DUBAI, AE (DXB)",
    "airport location": "DUBAI, AE (DXB) airport",
    "Passengers 2011": 50977960,
    "Passengers 2010": 47180628,
    "% Change": 7.4
  },
  {
    "rank": 13,
    "reg": "ASP",
    "code": "CGK",
    "airport": "JAKARTA, ID (CGK)",
    "airport location": "JAKARTA, ID (CGK) airport",
    "Passengers 2011": 50446618,
    "Passengers 2010": 43981022,
    "% Change": 14.7
  },
  {
    "rank": 14,
    "reg": "EUR",
    "code": "AMS",
    "airport": "AMSTERDAM, NL (AMS)",
    "airport location": "AMSTERDAM, NL (AMS) airport",
    "Passengers 2011": 49754910,
    "Passengers 2010": 45211749,
    "% Change": 9.1
  },
  {
    "rank": 15,
    "reg": "EUR",
    "code": "MAD",
    "airport": "MADRID, ES (MAD)",
    "airport location": "MADRID, ES (MAD) airport",
    "Passengers 2011": 49644302,
    "Passengers 2010": 49842726,
    "% Change": -0.4
  },
  {
    "rank": 16,
    "reg": "ASP",
    "code": "BKK",
    "airport": "BANGKOK, TH (BKK)",
    "airport location": "BANGKOK, TH (BKK) airport",
    "Passengers 2011": 47910744,
    "Passengers 2010": 42784967,
    "% Change": 10.7
  },
  {
    "rank": 17,
    "reg": "NAM",
    "code": "JFK",
    "airport": "NEW YORK NY, US (JFK)",
    "airport location": "NEW YORK NY, US (JFK) airport",
    "Passengers 2011": 47854283,
    "Passengers 2010": 46493667,
    "% Change": 2.8
  },
  {
    "rank": 18,
    "reg": "ASP",
    "code": "SIN",
    "airport": "SINGAPORE, SG (SIN)",
    "airport location": "SINGAPORE, SG (SIN) airport",
    "Passengers 2011": 46543845,
    "Passengers 2010": 42038777,
    "% Change": 9.7
  },
  {
    "rank": 19,
    "reg": "ASP",
    "code": "CAN",
    "airport": "GUANGZHOU, CN (CAN)",
    "airport location": "GUANGZHOU, CN (CAN) airport",
    "Passengers 2011": 45400156,
    "Passengers 2010": 40975253,
    "% Change": 9.7
  },
  {
    "rank": 20,
    "reg": "NAM",
    "code": "LAS",
    "airport": "LAS VEGAS NV, US (LAS)",
    "airport location": "LAS VEGAS NV, US (LAS) airport",
    "Passengers 2011": 41479572,
    "Passengers 2010": 39757359,
    "% Change": 4.2
  },
  {
    "rank": 21,
    "reg": "ASP",
    "code": "PVG",
    "airport": "SHANGHAI, CN (PVG)",
    "airport location": "SHANGHAI, CN (PVG) airport",
    "Passengers 2011": 41450211,
    "Passengers 2010": 40387640,
    "% Change": 2.6
  },
  {
    "rank": 22,
    "reg": "NAM",
    "code": "SFO",
    "airport": "SAN FRANCISCO CA, US (SFO)",
    "airport location": "SAN FRANCISCO CA, US (SFO) airport",
    "Passengers 2011": 40907389,
    "Passengers 2010": 39254110,
    "% Change": 4
  },
  {
    "rank": 23,
    "reg": "NAM",
    "code": "PHX",
    "airport": "PHOENIX AZ, US (PHX)",
    "airport location": "PHOENIX AZ, US (PHX) airport",
    "Passengers 2011": 40565677,
    "Passengers 2010": 38552409,
    "% Change": 5
  },
  {
    "rank": 24,
    "reg": "NAM",
    "code": "IAH",
    "airport": "HOUSTON TX, US (IAH)",
    "airport location": "HOUSTON TX, US (IAH) airport",
    "Passengers 2011": 40170844,
    "Passengers 2010": 40475669,
    "% Change": -0.8
  },
  {
    "rank": 25,
    "reg": "NAM",
    "code": "CLT",
    "airport": "CHARLOTTE NC, US (CLT)",
    "airport location": "CHARLOTTE NC, US (CLT) airport",
    "Passengers 2011": 39043708,
    "Passengers 2010": 38143078,
    "% Change": 2.3
  },
  {
    "rank": 26,
    "reg": "NAM",
    "code": "MIA",
    "airport": "MIAMI FL, US (MIA)",
    "airport location": "MIAMI FL, US (MIA) airport",
    "Passengers 2011": 38314389,
    "Passengers 2010": 35698025,
    "% Change": 6.8
  },
  {
    "rank": 27,
    "reg": "EUR",
    "code": "MUC",
    "airport": "MUNICH, DE (MUC)",
    "airport location": "MUNICH, DE (MUC) airport",
    "Passengers 2011": 37763701,
    "Passengers 2010": 34721605,
    "% Change": 8.1
  },
  {
    "rank": 28,
    "reg": "ASP",
    "code": "KUL",
    "airport": "KUALA LUMPUR, MY (KUL)",
    "airport location": "KUALA LUMPUR, MY (KUL) airport",
    "Passengers 2011": 37670586,
    "Passengers 2010": 34087636,
    "% Change": 9.5
  },
  {
    "rank": 29,
    "reg": "EUR",
    "code": "FCO",
    "airport": "ROME, IT (FCO)",
    "airport location": "ROME, IT (FCO) airport",
    "Passengers 2011": 37651222,
    "Passengers 2010": 36227778,
    "% Change": 3.8
  },
  {
    "rank": 30,
    "reg": "EUR",
    "code": "IST",
    "airport": "ISTANBUL, TR (IST)",
    "airport location": "ISTANBUL, TR (IST) airport",
    "Passengers 2011": 37398221,
    "Passengers 2010": 32165817,
    "% Change": 14
  },
  {
    "rank": 31,
    "reg": "ASP",
    "code": "SYD",
    "airport": "SYDNEY, AU (SYD)",
    "airport location": "SYDNEY, AU (SYD) airport",
    "Passengers 2011": 36022614,
    "Passengers 2010": 35992172,
    "% Change": 0.1
  },
  {
    "rank": 32,
    "reg": "NAM",
    "code": "MCO",
    "airport": "ORLANDO FL, US (MCO)",
    "airport location": "ORLANDO FL, US (MCO) airport",
    "Passengers 2011": 35356991,
    "Passengers 2010": 34877507,
    "% Change": 1.4
  },
  {
    "rank": 33,
    "reg": "ASP",
    "code": "ICN",
    "airport": "INCHEON, KR (ICN)",
    "airport location": "INCHEON, KR (ICN) airport",
    "Passengers 2011": 35191825,
    "Passengers 2010": 33605579,
    "% Change": 4.5
  },
  {
    "rank": 34,
    "reg": "ASP",
    "code": "DEL",
    "airport": "NEW DELHI, IN (DEL)",
    "airport location": "NEW DELHI, IN (DEL) airport",
    "Passengers 2011": 34729467,
    "Passengers 2010": 28531607,
    "% Change": 17.8
  },
  {
    "rank": 35,
    "reg": "EUR",
    "code": "BCN",
    "airport": "BARCELONA, ES (BCN)",
    "airport location": "BARCELONA, ES (BCN) airport",
    "Passengers 2011": 34387597,
    "Passengers 2010": 29197135,
    "% Change": 15.1
  },
  {
    "rank": 36,
    "reg": "EUR",
    "code": "LGW",
    "airport": "LONDON, GB (LGW)",
    "airport location": "LONDON, GB (LGW) airport",
    "Passengers 2011": 33668048,
    "Passengers 2010": 31378644,
    "% Change": 6.8
  },
  {
    "rank": 37,
    "reg": "NAM",
    "code": "EWR",
    "airport": "NEWARK NJ, US (EWR)",
    "airport location": "NEWARK NJ, US (EWR) airport",
    "Passengers 2011": 33577154,
    "Passengers 2010": 33133852,
    "% Change": 1.3
  },
  {
    "rank": 38,
    "reg": "NAM",
    "code": "YYZ",
    "airport": "TORONTO ON, CA (YYZ)",
    "airport location": "TORONTO ON, CA (YYZ) airport",
    "Passengers 2011": 33434199,
    "Passengers 2010": 31937895,
    "% Change": 4.5
  },
  {
    "rank": 39,
    "reg": "ASP",
    "code": "SHA",
    "airport": "SHANGHAI, CN (SHA)",
    "airport location": "SHANGHAI, CN (SHA) airport",
    "Passengers 2011": 33112442,
    "Passengers 2010": 31298812,
    "% Change": 5.5
  },
  {
    "rank": 40,
    "reg": "NAM",
    "code": "MSP",
    "airport": "MINNEAPOLIS MN, US (MSP)",
    "airport location": "MINNEAPOLIS MN, US (MSP) airport",
    "Passengers 2011": 33074443,
    "Passengers 2010": 32749649,
    "% Change": 1
  },
  {
    "rank": 41,
    "reg": "NAM",
    "code": "SEA",
    "airport": "SEATTLE WA, US (SEA)",
    "airport location": "SEATTLE WA, US (SEA) airport",
    "Passengers 2011": 32820060,
    "Passengers 2010": 31553166,
    "% Change": 3.9
  },
  {
    "rank": 42,
    "reg": "NAM",
    "code": "DTW",
    "airport": "DETROIT MI, US (DTW)",
    "airport location": "DETROIT MI, US (DTW) airport",
    "Passengers 2011": 32419181,
    "Passengers 2010": 32377064,
    "% Change": 0.1
  },
  {
    "rank": 43,
    "reg": "NAM",
    "code": "PHL",
    "airport": "PHILADELPHIA PA, US (PHL)",
    "airport location": "PHILADELPHIA PA, US (PHL) airport",
    "Passengers 2011": 30839130,
    "Passengers 2010": 30775271,
    "% Change": 0.2
  },
  {
    "rank": 44,
    "reg": "ASP",
    "code": "BOM",
    "airport": "MUMBAI, IN (BOM)",
    "airport location": "MUMBAI, IN (BOM) airport",
    "Passengers 2011": 30439122,
    "Passengers 2010": 28137797,
    "% Change": 7.6
  },
  {
    "rank": 45,
    "reg": "LAC",
    "code": "GRU",
    "airport": "SÃO PAULO, BR (GRU)",
    "airport location": "SÃO PAULO, BR (GRU) airport",
    "Passengers 2011": 30371131,
    "Passengers 2010": 27432346,
    "% Change": 9.7
  },
  {
    "rank": 46,
    "reg": "ASP",
    "code": "MNL",
    "airport": "MANILA, PH (MNL)",
    "airport location": "MANILA, PH (MNL) airport",
    "Passengers 2011": 29551394,
    "Passengers 2010": 27148724,
    "% Change": 8.1
  },
  {
    "rank": 47,
    "reg": "ASP",
    "code": "CTU",
    "airport": "CHENGDU, CN (CTU)",
    "airport location": "CHENGDU, CN (CTU) airport",
    "Passengers 2011": 29073990,
    "Passengers 2010": 25805815,
    "% Change": 11.2
  },
  {
    "rank": 48,
    "reg": "NAM",
    "code": "BOS",
    "airport": "BOSTON MA, US (BOS)",
    "airport location": "BOSTON MA, US (BOS) airport",
    "Passengers 2011": 28866313,
    "Passengers 2010": 27429152,
    "% Change": 5
  },
  {
    "rank": 49,
    "reg": "ASP",
    "code": "SZX",
    "airport": "SHENZHEN, CN (SZX)",
    "airport location": "SHENZHEN, CN (SZX) airport",
    "Passengers 2011": 28245745,
    "Passengers 2010": 26713610,
    "% Change": 5.4
  },
  {
    "rank": 50,
    "reg": "ASP",
    "code": "MEL",
    "airport": "MELBOURNE, AU (MEL)",
    "airport location": "MELBOURNE, AU (MEL) airport",
    "Passengers 2011": 28060111,
    "Passengers 2010": 27731252,
    "% Change": 1.2
  },
  {
    "rank": 51,
    "reg": "ASP",
    "code": "NRT",
    "airport": "TOKYO, JP (NRT)",
    "airport location": "TOKYO, JP (NRT) airport",
    "Passengers 2011": 28055772,
    "Passengers 2010": 33815906,
    "% Change": -20.5
  },
  {
    "rank": 52,
    "reg": "EUR",
    "code": "ORY",
    "airport": "PARIS, FR (ORY)",
    "airport location": "PARIS, FR (ORY) airport",
    "Passengers 2011": 27139076,
    "Passengers 2010": 25203787,
    "% Change": 7.1
  },
  {
    "rank": 53,
    "reg": "LAC",
    "code": "MEX",
    "airport": "MEXICO CITY, MX (MEX)",
    "airport location": "MEXICO CITY, MX (MEX) airport",
    "Passengers 2011": 26368861,
    "Passengers 2010": 24130535,
    "% Change": 8.5
  },
  {
    "rank": 54,
    "reg": "EUR",
    "code": "DME",
    "airport": "MOSCOW, RU (DME)",
    "airport location": "MOSCOW, RU (DME) airport",
    "Passengers 2011": 25701610,
    "Passengers 2010": 22253529,
    "% Change": 13.4
  },
  {
    "rank": 55,
    "reg": "EUR",
    "code": "AYT",
    "airport": "ANTALYA, TR (AYT)",
    "airport location": "ANTALYA, TR (AYT) airport",
    "Passengers 2011": 25183142,
    "Passengers 2010": 21857524,
    "% Change": 13.2
  },
  {
    "rank": 56,
    "reg": "ASP",
    "code": "TPE",
    "airport": "TAIPEI, TW (TPE)",
    "airport location": "TAIPEI, TW (TPE) airport",
    "Passengers 2011": 24947551,
    "Passengers 2010": 25114413,
    "% Change": -0.7
  },
  {
    "rank": 57,
    "reg": "EUR",
    "code": "ZRH",
    "airport": "ZURICH, CH (ZRH)",
    "airport location": "ZURICH, CH (ZRH) airport",
    "Passengers 2011": 24283941,
    "Passengers 2010": 22826942,
    "% Change": 6
  },
  {
    "rank": 58,
    "reg": "NAM",
    "code": "LGA",
    "airport": "NEW YORK NY, US (LGA)",
    "airport location": "NEW YORK NY, US (LGA) airport",
    "Passengers 2011": 24028400,
    "Passengers 2010": 23980687,
    "% Change": 0.2
  },
  {
    "rank": 59,
    "reg": "NAM",
    "code": "FLL",
    "airport": "FORT LAUDERDALE, FL, US (FLL)",
    "airport location": "FORT LAUDERDALE, FL, US (FLL) airport",
    "Passengers 2011": 23348804,
    "Passengers 2010": 22406810,
    "% Change": 4
  },
  {
    "rank": 60,
    "reg": "NAM",
    "code": "IAD",
    "airport": "WASHINGTON, DC, US (IAD)",
    "airport location": "WASHINGTON, DC, US (IAD) airport",
    "Passengers 2011": 23056291,
    "Passengers 2010": 23447177,
    "% Change": -1.7
  },
  {
    "rank": 61,
    "reg": "EUR",
    "code": "PMI",
    "airport": "PALMA DE MALLORCA, ES (PMI)",
    "airport location": "PALMA DE MALLORCA, ES (PMI) airport",
    "Passengers 2011": 22723837,
    "Passengers 2010": 21110092,
    "% Change": 7.1
  },
  {
    "rank": 62,
    "reg": "EUR",
    "code": "CPH",
    "airport": "COPENHAGEN, DK (CPH)",
    "airport location": "COPENHAGEN, DK (CPH) airport",
    "Passengers 2011": 22673477,
    "Passengers 2010": 21452464,
    "% Change": 5.4
  },
  {
    "rank": 63,
    "reg": "EUR",
    "code": "SVO",
    "airport": "MOSCOW, RU (SVO)",
    "airport location": "MOSCOW, RU (SVO) airport",
    "Passengers 2011": 22555309,
    "Passengers 2010": 19329185,
    "% Change": 14.3
  },
  {
    "rank": 64,
    "reg": "NAM",
    "code": "BWI",
    "airport": "BALTIMORE MD, US (BWI)",
    "airport location": "BALTIMORE MD, US (BWI) airport",
    "Passengers 2011": 22395638,
    "Passengers 2010": 21951650,
    "% Change": 2
  },
  {
    "rank": 65,
    "reg": "ASP",
    "code": "KMG",
    "airport": "KUNMING, CN (KMG)",
    "airport location": "KUNMING, CN (KMG) airport",
    "Passengers 2011": 22272776,
    "Passengers 2010": 20194754,
    "% Change": 9.3
  },
  {
    "rank": 66,
    "reg": "EUR",
    "code": "VIE",
    "airport": "VIENNA, AT (VIE)",
    "airport location": "VIENNA, AT (VIE) airport",
    "Passengers 2011": 21106330,
    "Passengers 2010": 19691206,
    "% Change": 6.7
  },
  {
    "rank": 67,
    "reg": "EUR",
    "code": "OSL",
    "airport": "OSLO, NO (OSL)",
    "airport location": "OSLO, NO (OSL) airport",
    "Passengers 2011": 21092873,
    "Passengers 2010": 19091113,
    "% Change": 9.5
  },
  {
    "rank": 68,
    "reg": "MEA",
    "code": "JED",
    "airport": "JEDDAH, SA (JED)",
    "airport location": "JEDDAH, SA (JED) airport",
    "Passengers 2011": 20929686,
    "Passengers 2010": 17913975,
    "% Change": 14.4
  },
  {
    "rank": 69,
    "reg": "ASP",
    "code": "BNE",
    "airport": "BRISBANE, AU (BNE)",
    "airport location": "BRISBANE, AU (BNE) airport",
    "Passengers 2011": 20589207,
    "Passengers 2010": 20020966,
    "% Change": 2.8
  },
  {
    "rank": 70,
    "reg": "NAM",
    "code": "SLC",
    "airport": "SALT LAKE CITY UT, US (SLC)",
    "airport location": "SALT LAKE CITY UT, US (SLC) airport",
    "Passengers 2011": 20440913,
    "Passengers 2010": 20987646,
    "% Change": -2.7
  },
  {
    "rank": 71,
    "reg": "EUR",
    "code": "DUS",
    "airport": "DÜSSELDORF, DE (DUS)",
    "airport location": "DÜSSELDORF, DE (DUS) airport",
    "Passengers 2011": 20339466,
    "Passengers 2010": 18988489,
    "% Change": 6.6
  },
  {
    "rank": 72,
    "reg": "LAC",
    "code": "BOG",
    "airport": "BOGOTA, CO (BOG)",
    "airport location": "BOGOTA, CO (BOG) airport",
    "Passengers 2011": 20327901,
    "Passengers 2010": 18827118,
    "% Change": 7.4
  },
  {
    "rank": 73,
    "reg": "EUR",
    "code": "MXP",
    "airport": "MILAN, IT (MXP)",
    "airport location": "MILAN, IT (MXP) airport",
    "Passengers 2011": 19291427,
    "Passengers 2010": 18947808,
    "% Change": 1.8
  },
  {
    "rank": 74,
    "reg": "AFR",
    "code": "JNB",
    "airport": "JOHANNESBURG, ZA (JNB)",
    "airport location": "JOHANNESBURG, ZA (JNB) airport",
    "Passengers 2011": 19114384,
    "Passengers 2010": 18565250,
    "% Change": 2.9
  },
  {
    "rank": 75,
    "reg": "EUR",
    "code": "ARN",
    "airport": "STOCKHOLM, SE (ARN)",
    "airport location": "STOCKHOLM, SE (ARN) airport",
    "Passengers 2011": 19088363,
    "Passengers 2010": 16988614,
    "% Change": 11
  },
  {
    "rank": 76,
    "reg": "EUR",
    "code": "MAN",
    "airport": "MANCHESTER, GB (MAN)",
    "airport location": "MANCHESTER, GB (MAN) airport",
    "Passengers 2011": 18991503,
    "Passengers 2010": 17873023,
    "% Change": 5.9
  },
  {
    "rank": 77,
    "reg": "NAM",
    "code": "MDW",
    "airport": "CHICAGO IL, US (MDW)",
    "airport location": "CHICAGO IL, US (MDW) airport",
    "Passengers 2011": 18882549,
    "Passengers 2010": 17647771,
    "% Change": 6.5
  },
  {
    "rank": 78,
    "reg": "NAM",
    "code": "DCA",
    "airport": "WASHINGTON DC, US (DCA)",
    "airport location": "WASHINGTON DC, US (DCA) airport",
    "Passengers 2011": 18811335,
    "Passengers 2010": 18105802,
    "% Change": 3.8
  },
  {
    "rank": 79,
    "reg": "EUR",
    "code": "BRU",
    "airport": "BRUSSELS, BE (BRU)",
    "airport location": "BRUSSELS, BE (BRU) airport",
    "Passengers 2011": 18756885,
    "Passengers 2010": 17149416,
    "% Change": 8.6
  },
  {
    "rank": 80,
    "reg": "EUR",
    "code": "DUB",
    "airport": "DUBLIN, IE (DUB)",
    "airport location": "DUBLIN, IE (DUB) airport",
    "Passengers 2011": 18735944,
    "Passengers 2010": 18431678,
    "% Change": 1.6
  },
  {
    "rank": 81,
    "reg": "ASP",
    "code": "GMP",
    "airport": "SEOUL, KR (GMP)",
    "airport location": "SEOUL, KR (GMP) airport",
    "Passengers 2011": 18513982,
    "Passengers 2010": 17575244,
    "% Change": 5.1
  },
  {
    "rank": 82,
    "reg": "MEA",
    "code": "DOH",
    "airport": "DOHA, QA (DOH)",
    "airport location": "DOHA, QA (DOH) airport",
    "Passengers 2011": 18202649,
    "Passengers 2010": 15863292,
    "% Change": 12.9
  },
  {
    "rank": 83,
    "reg": "EUR",
    "code": "STN",
    "airport": "LONDON, GB (STN)",
    "airport location": "LONDON, GB (STN) airport",
    "Passengers 2011": 18046777,
    "Passengers 2010": 18574204,
    "% Change": -2.9
  },
  {
    "rank": 84,
    "reg": "ASP",
    "code": "HGH",
    "airport": "HANGZHOU, CN (HGH)",
    "airport location": "HANGZHOU, CN (HGH) airport",
    "Passengers 2011": 17512034,
    "Passengers 2010": 17068585,
    "% Change": 2.5
  },
  {
    "rank": 85,
    "reg": "ASP",
    "code": "CJU",
    "airport": "JEJU, KR (CJU)",
    "airport location": "JEJU, KR (CJU) airport",
    "Passengers 2011": 17202278,
    "Passengers 2010": 15724770,
    "% Change": 8.6
  },
  {
    "rank": 86,
    "reg": "NAM",
    "code": "YVR",
    "airport": "VANCOUVER BC, CA (YVR)",
    "airport location": "VANCOUVER BC, CA (YVR) airport",
    "Passengers 2011": 17193080,
    "Passengers 2010": 16926870,
    "% Change": 1.5
  },
  {
    "rank": 87,
    "reg": "EUR",
    "code": "TXL",
    "airport": "BERLIN, DE (TXL)",
    "airport location": "BERLIN, DE (TXL) airport",
    "Passengers 2011": 16919820,
    "Passengers 2010": 15025600,
    "% Change": 11.2
  },
  {
    "rank": 88,
    "reg": "NAM",
    "code": "SAN",
    "airport": "SAN DIEGO CA, US (SAN)",
    "airport location": "SAN DIEGO CA, US (SAN) airport",
    "Passengers 2011": 16836027,
    "Passengers 2010": 16901322,
    "% Change": -0.4
  },
  {
    "rank": 89,
    "reg": "NAM",
    "code": "TPA",
    "airport": "TAMPA FL, US (TPA)",
    "airport location": "TAMPA FL, US (TPA) airport",
    "Passengers 2011": 16732051,
    "Passengers 2010": 16645765,
    "% Change": 0.5
  },
  {
    "rank": 90,
    "reg": "LAC",
    "code": "CGH",
    "airport": "SÃO PAULO, BR (CGH)",
    "airport location": "SÃO PAULO, BR (CGH) airport",
    "Passengers 2011": 16687731,
    "Passengers 2010": 15441789,
    "% Change": 7.5
  },
  {
    "rank": 91,
    "reg": "LAC",
    "code": "BSB",
    "airport": "BRASILIA, BR (BSB)",
    "airport location": "BRASILIA, BR (BSB) airport",
    "Passengers 2011": 15801122,
    "Passengers 2010": 14824113,
    "% Change": 6.2
  },
  {
    "rank": 92,
    "reg": "ASP",
    "code": "CTS",
    "airport": "SAPPORO, JP (CTS)",
    "airport location": "SAPPORO, JP (CTS) airport",
    "Passengers 2011": 15773073,
    "Passengers 2010": 16745235,
    "% Change": -6.2
  },
  {
    "rank": 93,
    "reg": "ASP",
    "code": "XMN",
    "airport": "XIAMEN, CN (XMN)",
    "airport location": "XIAMEN, CN (XMN) airport",
    "Passengers 2011": 15753183,
    "Passengers 2010": 13248367,
    "% Change": 15.9
  },
  {
    "rank": 94,
    "reg": "MEA",
    "code": "RUH",
    "airport": "RIYADH, SA (RUH)",
    "airport location": "RIYADH, SA (RUH) airport",
    "Passengers 2011": 15432950,
    "Passengers 2010": 14136837,
    "% Change": 8.4
  },
  {
    "rank": 95,
    "reg": "ASP",
    "code": "FUK",
    "airport": "FUKUOKA, JP (FUK)",
    "airport location": "FUKUOKA, JP (FUK) airport",
    "Passengers 2011": 15431078,
    "Passengers 2010": 16404617,
    "% Change": -6.3
  },
  {
    "rank": 96,
    "reg": "LAC",
    "code": "GIG",
    "airport": "RIO DE JANEIRO, BR (GIG)",
    "airport location": "RIO DE JANEIRO, BR (GIG) airport",
    "Passengers 2011": 15184350,
    "Passengers 2010": 12605637,
    "% Change": 17
  },
  {
    "rank": 97,
    "reg": "EUR",
    "code": "HEL",
    "airport": "HELSINKI, FI (HEL)",
    "airport location": "HELSINKI, FI (HEL) airport",
    "Passengers 2011": 14851675,
    "Passengers 2010": 12866036,
    "% Change": 13.4
  },
  {
    "rank": 98,
    "reg": "EUR",
    "code": "LIS",
    "airport": "LISBON, PT (LIS)",
    "airport location": "LISBON, PT (LIS) airport",
    "Passengers 2011": 14791260,
    "Passengers 2010": 14058751,
    "% Change": 5
  },
  {
    "rank": 99,
    "reg": "EUR",
    "code": "ATH",
    "airport": "ATHENS, GR (ATH)",
    "airport location": "ATHENS, GR (ATH) airport",
    "Passengers 2011": 14428032,
    "Passengers 2010": 15390156,
    "% Change": -6.7
  },
  {
    "rank": 100,
    "reg": "ASP",
    "code": "AKL",
    "airport": "AUCKLAND, NZ (AKL)",
    "airport location": "AUCKLAND, NZ (AKL) airport",
    "Passengers 2011": 14012329,
    "Passengers 2010": 13705116,
    "% Change": 2.2
  }
 ]